SARL_plateID,Expt_ID,Chemical_name,Microbiome_treat,BaP_uM,Sample,Extract_batch,Expt_plateID,Sample_well,Sample_row,Sample_col,Tube,CD1,Dissector,Dissect_result
19842,cv-BaP-16S-01,B[a]P,conventional,0,P1A01,1,1,A01,A,1,Lot163,Lot663,Kristin,whole
19842,cv-BaP-16S-01,B[a]P,conventional,1,P1C02,1,1,C02,C,2,Lot163,Lot663,Kristin,whole
19842,cv-BaP-16S-01,B[a]P,conventional,1,P1D01,1,1,D01,D,1,Lot163,Lot663,Kristin,whole
19842,cv-BaP-16S-01,B[a]P,conventional,5,P1F01,1,1,F01,F,1,Lot163,Lot663,Kristin,whole
19842,cv-BaP-16S-01,B[a]P,conventional,10,P1H01,1,1,H01,H,1,Lot163,Lot663,Kristin,whole
19843,cv-BaP-16S-01,B[a]P,conventional,1,P2C01,1,2,C01,C,1,Lot163,Lot663,Keaton,whole
19843,cv-BaP-16S-01,B[a]P,conventional,5,P2E01,1,2,E01,E,1,Lot163,Lot663,Keaton,whole
19843,cv-BaP-16S-01,B[a]P,conventional,10,P2G01,1,2,G01,G,1,Lot163,Lot663,Keaton,whole
19737,cv-BaP-16S-02,B[a]P,conventional,0,P3A01,1,3,A01,A,1,Lot163,Lot663,Austin,partial
19737,cv-BaP-16S-02,B[a]P,conventional,1,P3C01,1,3,C01,C,1,Lot163,Lot663,Austin,whole
19737,cv-BaP-16S-02,B[a]P,conventional,5,P3E01,1,3,E01,E,1,Lot163,Lot663,Austin,whole
19737,cv-BaP-16S-02,B[a]P,conventional,10,P3G01,1,3,G01,G,1,Lot163,Lot663,Austin,whole
19738,cv-BaP-16S-02,B[a]P,conventional,0,P4A01,1,4,A01,A,1,Lot663,Lot163,Kristin,whole
19738,cv-BaP-16S-02,B[a]P,conventional,1,P4C01,1,4,C01,C,1,Lot663,Lot163,Kristin,whole
19738,cv-BaP-16S-02,B[a]P,conventional,5,P4E01,1,4,E01,E,1,Lot663,Lot163,Kristin,partial
19738,cv-BaP-16S-02,B[a]P,conventional,10,P4G01,1,4,G01,G,1,Lot663,Lot163,Kristin,whole
19902,cv-BaP-16S-03,B[a]P,conventional,0,P5A01,1,5,A01,A,1,Lot663,Lot163_1,Keaton,whole
19902,cv-BaP-16S-03,B[a]P,conventional,1,P5C01,1,5,C01,C,1,Lot663,Lot163_1,Keaton,whole
19902,cv-BaP-16S-03,B[a]P,conventional,5,P5F01,1,5,F01,F,1,Lot663,Lot163_1,Keaton,whole
19902,cv-BaP-16S-03,B[a]P,conventional,10,P5H01,1,5,H01,H,1,Lot663,Lot163_1,Keaton,whole
19903,cv-BaP-16S-03,B[a]P,conventional,0,P6B01,1,6,B01,B,1,Lot163,Lot163,Austin,whole
19903,cv-BaP-16S-03,B[a]P,conventional,1,P6D01,1,6,D01,D,1,Lot163,Lot163,Austin,partial
19903,cv-BaP-16S-03,B[a]P,conventional,5,P6F01,1,6,F01,F,1,Lot163,Lot163,Austin,whole
19903,cv-BaP-16S-03,B[a]P,conventional,10,P6H01,1,6,H01,H,1,Lot163,Lot163,Austin,whole
19842,cv-BaP-16S-01,B[a]P,conventional,0,P1A02,2,1,A02,A,2,Lot163,Lot663,Kristin,whole
19842,cv-BaP-16S-01,B[a]P,conventional,0,P1B01,2,1,B01,B,1,Lot163,Lot663,Kristin,whole
19842,cv-BaP-16S-01,B[a]P,conventional,5,P1E01,2,1,E01,E,1,Lot163,Lot663,Kristin,whole
19842,cv-BaP-16S-01,B[a]P,conventional,5,P1E02,2,1,E02,E,2,Lot163,Lot663,Kristin,whole
19842,cv-BaP-16S-01,B[a]P,conventional,10,P1G01,2,1,G01,G,1,Lot163,Lot663,Kristin,whole
19843,cv-BaP-16S-01,B[a]P,conventional,0,P2A01,2,2,A01,A,1,Lot163,Lot663,Keaton,whole
19843,cv-BaP-16S-01,B[a]P,conventional,1,P2D01,2,2,D01,D,1,Lot163,Lot663,Keaton,whole
19843,cv-BaP-16S-01,B[a]P,conventional,5,P2F01,2,2,F01,F,1,Lot163,Lot663,Keaton,whole
19843,cv-BaP-16S-01,B[a]P,conventional,10,P2H01,2,2,H01,H,1,Lot163,Lot663,Keaton,whole
19737,cv-BaP-16S-02,B[a]P,conventional,0,P3B01,2,3,B01,B,1,Lot163,Lot663,Austin,whole
19737,cv-BaP-16S-02,B[a]P,conventional,1,P3D01,2,3,D01,D,1,Lot163,Lot663,Austin,whole
19737,cv-BaP-16S-02,B[a]P,conventional,5,P3F01,2,3,F01,F,1,Lot163,Lot663,Austin,whole
19737,cv-BaP-16S-02,B[a]P,conventional,10,P3H01,2,3,H01,H,1,Lot163,Lot663,Austin,whole
19738,cv-BaP-16S-02,B[a]P,conventional,0,P4B01,2,4,B01,B,1,Lot663,Lot163,Kristin,whole
19738,cv-BaP-16S-02,B[a]P,conventional,1,P4D01,2,4,D01,D,1,Lot663,Lot163,Kristin,whole
19738,cv-BaP-16S-02,B[a]P,conventional,5,P4F01,2,4,F01,F,1,Lot663,Lot163,Kristin,whole
19738,cv-BaP-16S-02,B[a]P,conventional,10,P4H01,2,4,H01,H,1,Lot663,Lot163,Kristin,whole
19902,cv-BaP-16S-03,B[a]P,conventional,0,P5B01,2,5,B01,B,1,Lot663,Lot163_1,Keaton,whole
19902,cv-BaP-16S-03,B[a]P,conventional,5,P5E01,2,5,E01,E,1,Lot663,Lot163_1,Keaton,whole
19902,cv-BaP-16S-03,B[a]P,conventional,10,P5G01,2,5,G01,G,1,Lot663,Lot163_1,Keaton,whole
19903,cv-BaP-16S-03,B[a]P,conventional,0,P6A01,2,6,A01,A,1,Lot163,Lot163,Austin,whole
19903,cv-BaP-16S-03,B[a]P,conventional,1,P6C01,2,6,C01,C,1,Lot163,Lot163,Austin,whole
19903,cv-BaP-16S-03,B[a]P,conventional,5,P6E01,2,6,E01,E,1,Lot163,Lot163,Austin,whole
19903,cv-BaP-16S-03,B[a]P,conventional,10,P6G01,2,6,G01,G,1,Lot163,Lot163,Austin,whole
19842,cv-BaP-16S-01,B[a]P,conventional,0,P1B03,3,1,B03,B,3,Lot163,Lot663,Kristin,whole
19842,cv-BaP-16S-01,B[a]P,conventional,1,P1D03,3,1,D03,D,3,Lot163,Lot663,Kristin,whole
19842,cv-BaP-16S-01,B[a]P,conventional,10,P1G02,3,1,G02,G,2,Lot163,Lot663,Kristin,whole
19842,cv-BaP-16S-01,B[a]P,conventional,10,P1G03,3,1,G03,G,3,Lot163,Lot663,Kristin,partial
19843,cv-BaP-16S-01,B[a]P,conventional,0,P2A02,3,2,A02,A,2,Lot163,Lot663,Keaton,whole
19843,cv-BaP-16S-01,B[a]P,conventional,0,P2B03,3,2,B03,B,3,Lot163,Lot663,Keaton,whole
19843,cv-BaP-16S-01,B[a]P,conventional,1,P2C02,3,2,C02,C,2,Lot163,Lot663,Keaton,whole
19843,cv-BaP-16S-01,B[a]P,conventional,5,P2E02,3,2,E02,E,2,Lot163,Lot663,Keaton,whole
19843,cv-BaP-16S-01,B[a]P,conventional,10,P2G02,3,2,G02,G,2,Lot163,Lot663,Keaton,whole
19737,cv-BaP-16S-02,B[a]P,conventional,0,P3A02,3,3,A02,A,2,Lot163,Lot663,Austin,whole
19737,cv-BaP-16S-02,B[a]P,conventional,1,P3D02,3,3,D02,D,2,Lot163,Lot663,Austin,whole
19737,cv-BaP-16S-02,B[a]P,conventional,5,P3F02,3,3,F02,F,2,Lot163,Lot663,Austin,whole
19737,cv-BaP-16S-02,B[a]P,conventional,10,P3H02,3,3,H02,H,2,Lot163,Lot663,Austin,whole
19738,cv-BaP-16S-02,B[a]P,conventional,0,P4B02,3,4,B02,B,2,Lot663,Lot163,Kristin,whole
19738,cv-BaP-16S-02,B[a]P,conventional,1,P4D02,3,4,D02,D,2,Lot663,Lot163,Kristin,whole
19738,cv-BaP-16S-02,B[a]P,conventional,5,P4F02,3,4,F02,F,2,Lot663,Lot163,Kristin,whole
19738,cv-BaP-16S-02,B[a]P,conventional,10,P4H02,3,4,H02,H,2,Lot663,Lot163,Kristin,whole
19902,cv-BaP-16S-03,B[a]P,conventional,1,P5C02,3,5,C02,C,2,Lot663,Lot163_1,Keaton,whole
19902,cv-BaP-16S-03,B[a]P,conventional,5,P5E02,3,5,E02,E,2,Lot663,Lot163_1,Keaton,whole
19902,cv-BaP-16S-03,B[a]P,conventional,10,P5G02,3,5,G02,G,2,Lot663,Lot163_1,Keaton,whole
19903,cv-BaP-16S-03,B[a]P,conventional,0,P6A02,3,6,A02,A,2,Lot163,Lot163,Austin,whole
19903,cv-BaP-16S-03,B[a]P,conventional,1,P6C02,3,6,C02,C,2,Lot163_1,Lot163,Austin,whole
19903,cv-BaP-16S-03,B[a]P,conventional,5,P6E02,3,6,E02,E,2,Lot163_1,Lot163,Austin,whole
19903,cv-BaP-16S-03,B[a]P,conventional,10,P6G02,3,6,G02,G,2,Lot163_1,Lot163,Austin,whole
19842,cv-BaP-16S-01,B[a]P,conventional,1,P1C03,4,1,C03,C,3,Lot163,Lot663,Kristin,whole
19842,cv-BaP-16S-01,B[a]P,conventional,5,P1E03,4,1,E03,E,3,Lot163,Lot663,Kristin,whole
19842,cv-BaP-16S-01,B[a]P,conventional,10,P1H02,4,1,H02,H,2,Lot163,Lot663,Kristin,whole
19842,cv-BaP-16S-01,B[a]P,conventional,10,P1H03,4,1,H03,H,3,Lot163,Lot663,Kristin,whole
19843,cv-BaP-16S-01,B[a]P,conventional,0,P2B02,4,2,B02,B,2,Lot163,Lot663,Keaton,whole
19843,cv-BaP-16S-01,B[a]P,conventional,1,P2C03,4,2,C03,C,3,Lot163,Lot663,Keaton,whole
19843,cv-BaP-16S-01,B[a]P,conventional,1,P2D02,4,2,D02,D,2,Lot163,Lot663,Keaton,partial
19843,cv-BaP-16S-01,B[a]P,conventional,5,P2F02,4,2,F02,F,2,Lot163,Lot663,Keaton,whole
19843,cv-BaP-16S-01,B[a]P,conventional,10,P2H02,4,2,H02,H,2,Lot163,Lot663,Keaton,whole
19737,cv-BaP-16S-02,B[a]P,conventional,0,P3B02,4,3,B02,B,2,Lot163,Lot663,Austin,partial
19737,cv-BaP-16S-02,B[a]P,conventional,5,P3E02,4,3,E02,E,2,Lot163,Lot663,Austin,whole
19737,cv-BaP-16S-02,B[a]P,conventional,10,P3G02,4,3,G02,G,2,Lot163,Lot663,Austin,whole
19738,cv-BaP-16S-02,B[a]P,conventional,0,P4A02,4,4,A02,A,2,Lot663,Lot163,Kristin,partial
19738,cv-BaP-16S-02,B[a]P,conventional,1,P4C02,4,4,C02,C,2,Lot663,Lot163,Kristin,whole
19738,cv-BaP-16S-02,B[a]P,conventional,5,P4E02,4,4,E02,E,2,Lot663,Lot163,Kristin,whole
19738,cv-BaP-16S-02,B[a]P,conventional,10,P4G02,4,4,G02,G,2,Lot663,Lot163,Kristin,whole
19902,cv-BaP-16S-03,B[a]P,conventional,0,P5B02,4,5,B02,B,2,Lot663,Lot163_1,Keaton,whole
19902,cv-BaP-16S-03,B[a]P,conventional,1,P5D02,4,5,D02,D,2,Lot663,Lot163_1,Keaton,whole
19902,cv-BaP-16S-03,B[a]P,conventional,5,P5F02,4,5,F02,F,2,Lot663,Lot163_1,Keaton,whole
19902,cv-BaP-16S-03,B[a]P,conventional,10,P5H02,4,5,H02,H,2,Lot663,Lot163_1,Keaton,whole
19903,cv-BaP-16S-03,B[a]P,conventional,0,P6B02,4,6,B02,B,2,Lot163_1,Lot163,Austin,whole
19903,cv-BaP-16S-03,B[a]P,conventional,1,P6D02,4,6,D02,D,2,Lot163_1,Lot163,Austin,whole
19903,cv-BaP-16S-03,B[a]P,conventional,5,P6F02,4,6,F02,F,2,Lot163_1,Lot163,Austin,whole
19903,cv-BaP-16S-03,B[a]P,conventional,10,P6H02,4,6,H02,H,2,Lot163_1,Lot163,Austin,whole
19842,cv-BaP-16S-01,B[a]P,conventional,0,P1B04,5,1,B04,B,4,Lot163,Lot663,Kristin,partial
19842,cv-BaP-16S-01,B[a]P,conventional,1,P1D04,5,1,D04,D,4,Lot163,Lot663,Kristin,partial
19842,cv-BaP-16S-01,B[a]P,conventional,5,P1F04,5,1,F04,F,4,Lot163,Lot663,Kristin,whole
19842,cv-BaP-16S-01,B[a]P,conventional,10,P1H04,5,1,H04,H,4,Lot163,Lot663,Kristin,partial
19843,cv-BaP-16S-01,B[a]P,conventional,1,P2C04,5,2,C04,C,4,Lot163,Lot663,Keaton,whole
19843,cv-BaP-16S-01,B[a]P,conventional,1,P2D03,5,2,D03,D,3,Lot163,Lot663,Keaton,whole
19843,cv-BaP-16S-01,B[a]P,conventional,5,P2F03,5,2,F03,F,3,Lot163,Lot663,Keaton,whole
19843,cv-BaP-16S-01,B[a]P,conventional,10,P2H03,5,2,H03,H,3,Lot163,Lot663,Keaton,partial
19737,cv-BaP-16S-02,B[a]P,conventional,0,P3B03,5,3,B03,B,3,Lot163,Lot663,Austin,whole
19737,cv-BaP-16S-02,B[a]P,conventional,1,P3D03,5,3,D03,D,3,Lot163,Lot663,Austin,whole
19737,cv-BaP-16S-02,B[a]P,conventional,5,P3F03,5,3,F03,F,3,Lot163,Lot663,Austin,whole
19737,cv-BaP-16S-02,B[a]P,conventional,10,P3H03,5,3,H03,H,3,Lot163,Lot663,Austin,partial
19738,cv-BaP-16S-02,B[a]P,conventional,0,P4B03,5,4,B03,B,3,Lot663,Lot163,Kristin,whole
19738,cv-BaP-16S-02,B[a]P,conventional,1,P4D03,5,4,D03,D,3,Lot663,Lot163,Kristin,whole
19738,cv-BaP-16S-02,B[a]P,conventional,5,P4F03,5,4,F03,F,3,Lot663,Lot163,Kristin,whole
19738,cv-BaP-16S-02,B[a]P,conventional,10,P4H03,5,4,H03,H,3,Lot663,Lot163,Kristin,whole
19902,cv-BaP-16S-03,B[a]P,conventional,0,P5B03,5,5,B03,B,3,Lot663,Lot163_1,Keaton,partial
19902,cv-BaP-16S-03,B[a]P,conventional,1,P5D03,5,5,D03,D,3,Lot663,Lot163_1,Keaton,whole
19902,cv-BaP-16S-03,B[a]P,conventional,5,P5F03,5,5,F03,F,3,Lot663,Lot163_1,Keaton,whole
19902,cv-BaP-16S-03,B[a]P,conventional,10,P5H03,5,5,H03,H,3,Lot663,Lot163_1,Keaton,whole
19903,cv-BaP-16S-03,B[a]P,conventional,0,P6B03,5,6,B03,B,3,Lot163_1,Lot163,Austin,partial
19903,cv-BaP-16S-03,B[a]P,conventional,1,P6D03,5,6,D03,D,3,Lot163_1,Lot163,Austin,whole
19903,cv-BaP-16S-03,B[a]P,conventional,5,P6F03,5,6,F03,F,3,Lot163_1,Lot163,Austin,whole
19903,cv-BaP-16S-03,B[a]P,conventional,10,P6H03,5,6,H03,H,3,Lot163_1,Lot163,Austin,partial
19842,cv-BaP-16S-01,B[a]P,conventional,0,P1A04,6,1,A04,A,4,Lot163,Lot663,Kristin,whole
19842,cv-BaP-16S-01,B[a]P,conventional,1,P1C04,6,1,C04,C,4,Lot163,Lot663,Kristin,whole
19842,cv-BaP-16S-01,B[a]P,conventional,5,P1E04,6,1,E04,E,4,Lot163,Lot663,Kristin,whole
19842,cv-BaP-16S-01,B[a]P,conventional,10,P1G04,6,1,G04,G,4,Lot163,Lot663,Kristin,whole
19843,cv-BaP-16S-01,B[a]P,conventional,0,P2A04,6,2,A04,A,4,Lot163,Lot663,Keaton,whole
19843,cv-BaP-16S-01,B[a]P,conventional,1,P2D04,6,2,D04,D,4,Lot163,Lot663,Keaton,whole
19843,cv-BaP-16S-01,B[a]P,conventional,5,P2E03,6,2,E03,E,3,Lot163,Lot663,Keaton,whole
19843,cv-BaP-16S-01,B[a]P,conventional,10,P2G03,6,2,G03,G,3,Lot163,Lot663,Keaton,whole
19737,cv-BaP-16S-02,B[a]P,conventional,0,P3A03,6,3,A03,A,3,Lot163,Lot663,Austin,whole
19737,cv-BaP-16S-02,B[a]P,conventional,1,P3C03,6,3,C03,C,3,Lot163,Lot663,Austin,whole
19737,cv-BaP-16S-02,B[a]P,conventional,5,P3E03,6,3,E03,E,3,Lot163,Lot663,Austin,whole
19737,cv-BaP-16S-02,B[a]P,conventional,10,P3G03,6,3,G03,G,3,Lot163,Lot663,Austin,whole
19738,cv-BaP-16S-02,B[a]P,conventional,0,P4A03,6,4,A03,A,3,Lot663,Lot163,Kristin,whole
19738,cv-BaP-16S-02,B[a]P,conventional,1,P4C03,6,4,C03,C,3,Lot663,Lot163,Kristin,whole
19738,cv-BaP-16S-02,B[a]P,conventional,5,P4E03,6,4,E03,E,3,Lot663,Lot163,Kristin,whole
19738,cv-BaP-16S-02,B[a]P,conventional,10,P4G03,6,4,G03,G,3,Lot663,Lot163,Kristin,whole
19902,cv-BaP-16S-03,B[a]P,conventional,0,P5A03,6,5,A03,A,3,Lot663,Lot163_1,Keaton,whole
19902,cv-BaP-16S-03,B[a]P,conventional,1,P5C03,6,5,C03,C,3,Lot663,Lot163_1,Keaton,whole
19902,cv-BaP-16S-03,B[a]P,conventional,5,P5E03,6,5,E03,E,3,Lot663,Lot163_1,Keaton,whole
19902,cv-BaP-16S-03,B[a]P,conventional,10,P5G03,6,5,G03,G,3,Lot663,Lot163_1,Keaton,whole
19903,cv-BaP-16S-03,B[a]P,conventional,0,P6A03,6,6,A03,A,3,Lot163_1,Lot163,Austin,whole
19903,cv-BaP-16S-03,B[a]P,conventional,1,P6C03,6,6,C03,C,3,Lot163_1,Lot163,Austin,whole
19903,cv-BaP-16S-03,B[a]P,conventional,5,P6E03,6,6,E03,E,3,Lot163_1,Lot163,Austin,whole
19903,cv-BaP-16S-03,B[a]P,conventional,10,P6G03,6,6,G03,G,3,Lot163_1,Lot163,Austin,whole
19842,cv-BaP-16S-01,B[a]P,conventional,0,P1B05,7,1,B05,B,5,Lot163,Lot663,Keaton,whole
19842,cv-BaP-16S-01,B[a]P,conventional,1,P1D05,7,1,D05,D,5,Lot163,Lot663,Kristin,whole
19842,cv-BaP-16S-01,B[a]P,conventional,5,P1F05,7,1,F05,F,5,Lot163,Lot663,Kristin,whole
19842,cv-BaP-16S-01,B[a]P,conventional,10,P1H05,7,1,H05,H,5,Lot163,Lot663,Kristin,partial
19843,cv-BaP-16S-01,B[a]P,conventional,1,P2C05,7,2,C05,C,5,Lot163,Lot663,Keaton,whole
19843,cv-BaP-16S-01,B[a]P,conventional,5,P2E04,7,2,E04,E,4,Lot163,Lot663,Keaton,partial
19843,cv-BaP-16S-01,B[a]P,conventional,5,P2E05,7,2,E05,E,5,Lot163,Lot663,Keaton,whole
19843,cv-BaP-16S-01,B[a]P,conventional,10,P2G04,7,2,G04,G,4,Lot163,Lot663,Keaton,whole
19843,cv-BaP-16S-01,B[a]P,conventional,10,P2H05,7,2,H05,H,5,Lot163,Lot663,Keaton,whole
19737,cv-BaP-16S-02,B[a]P,conventional,0,P3A04,7,3,A04,A,4,Lot163,Lot663,Austin,whole
19737,cv-BaP-16S-02,B[a]P,conventional,1,P3C04,7,3,C04,C,4,Lot163,Lot663,Austin,whole
19737,cv-BaP-16S-02,B[a]P,conventional,5,P3F04,7,3,F04,F,4,Lot163,Lot663,Austin,whole
19737,cv-BaP-16S-02,B[a]P,conventional,10,P3H04,7,3,H04,H,4,Lot163,Lot663,Austin,whole
19738,cv-BaP-16S-02,B[a]P,conventional,0,P4B04,7,4,B04,B,4,Lot663,Lot163,Kristin,whole
19738,cv-BaP-16S-02,B[a]P,conventional,1,P4D04,7,4,D04,D,4,Lot663,Lot163,Kristin,whole
19738,cv-BaP-16S-02,B[a]P,conventional,5,P4F04,7,4,F04,F,4,Lot663,Lot163,Kristin,whole
19738,cv-BaP-16S-02,B[a]P,conventional,10,P4H04,7,4,H04,H,4,Lot663,Lot163,Kristin,partial
19902,cv-BaP-16S-03,B[a]P,conventional,0,P5B04,7,5,B04,B,4,Lot663,Lot163_1,Keaton,whole
19902,cv-BaP-16S-03,B[a]P,conventional,1,P5D04,7,5,D04,D,4,Lot663,Lot163_1,Keaton,whole
19902,cv-BaP-16S-03,B[a]P,conventional,10,P5G04,7,5,G04,G,4,Lot663,Lot163_1,Keaton,whole
19903,cv-BaP-16S-03,B[a]P,conventional,0,P6A04,7,6,A04,A,4,Lot163_1,Lot163,Austin,whole
19903,cv-BaP-16S-03,B[a]P,conventional,1,P6D04,7,6,D04,D,4,Lot163_1,Lot163,Austin,whole
19903,cv-BaP-16S-03,B[a]P,conventional,5,P6F04,7,6,F04,F,4,Lot163_1,Lot163,Austin,whole
19903,cv-BaP-16S-03,B[a]P,conventional,10,P6H04,7,6,H04,H,4,Lot163_1,Lot163,Austin,whole
19842,cv-BaP-16S-01,B[a]P,conventional,0,P1A05,8,1,A05,A,5,Lot163,Lot663,Keaton,whole
19842,cv-BaP-16S-01,B[a]P,conventional,1,P1C05,8,1,C05,C,5,Lot163,Lot663,Keaton,whole
19842,cv-BaP-16S-01,B[a]P,conventional,5,P1E05,8,1,E05,E,5,Lot163,Lot663,Kristin,whole
19842,cv-BaP-16S-01,B[a]P,conventional,10,P1G05,8,1,G05,G,5,Lot163,Lot663,Kristin,whole
19843,cv-BaP-16S-01,B[a]P,conventional,0,P2A05,8,2,A05,A,5,Lot163,Lot663,Keaton,partial
19843,cv-BaP-16S-01,B[a]P,conventional,1,P2D05,8,2,D05,D,5,Lot163,Lot663,Keaton,whole
19843,cv-BaP-16S-01,B[a]P,conventional,5,P2F04,8,2,F04,F,4,Lot163,Lot663,Keaton,whole
19843,cv-BaP-16S-01,B[a]P,conventional,10,P2G05,8,2,G05,G,5,Lot163,Lot663,Keaton,whole
19843,cv-BaP-16S-01,B[a]P,conventional,10,P2H04,8,2,H04,H,4,Lot163,Lot663,Keaton,whole
19737,cv-BaP-16S-02,B[a]P,conventional,0,P3A05,8,3,A05,A,5,Lot163,Lot663,Austin,whole
19737,cv-BaP-16S-02,B[a]P,conventional,0,P3B04,8,3,B04,B,4,Lot163,Lot663,Austin,whole
19737,cv-BaP-16S-02,B[a]P,conventional,5,P3E04,8,3,E04,E,4,Lot163,Lot663,Austin,partial
19737,cv-BaP-16S-02,B[a]P,conventional,10,P3G04,8,3,G04,G,4,Lot163,Lot663,Austin,whole
19738,cv-BaP-16S-02,B[a]P,conventional,0,P4A04,8,4,A04,A,4,Lot663,Lot163,Kristin,partial
19738,cv-BaP-16S-02,B[a]P,conventional,1,P4C04,8,4,C04,C,4,Lot663,Lot163,Kristin,whole
19738,cv-BaP-16S-02,B[a]P,conventional,5,P4E04,8,4,E04,E,4,Lot663,Lot163,Kristin,whole
19738,cv-BaP-16S-02,B[a]P,conventional,10,P4G04,8,4,G04,G,4,Lot663,Lot163,Kristin,whole
19902,cv-BaP-16S-03,B[a]P,conventional,0,P5A04,8,5,A04,A,4,Lot663,Lot163_1,Keaton,partial
19902,cv-BaP-16S-03,B[a]P,conventional,1,P5C04,8,5,C04,C,4,Lot663,Lot163_1,Keaton,whole
19902,cv-BaP-16S-03,B[a]P,conventional,5,P5E04,8,5,E04,E,4,Lot663,Lot163_1,Keaton,whole
19902,cv-BaP-16S-03,B[a]P,conventional,10,P5H04,8,5,H04,H,4,Lot663,Lot163_1,Keaton,whole
19903,cv-BaP-16S-03,B[a]P,conventional,0,P6B04,8,6,B04,B,4,Lot163_1,Lot163,Austin,whole
19903,cv-BaP-16S-03,B[a]P,conventional,5,P6E04,8,6,E04,E,4,Lot163_1,Lot163,Austin,whole
19903,cv-BaP-16S-03,B[a]P,conventional,10,P6G04,8,6,G04,G,4,Lot163_1,Lot163,Austin,whole
19842,cv-BaP-16S-01,B[a]P,conventional,1,P1C06,9,1,C06,C,6,Lot163,Lot663,Michael,whole
19842,cv-BaP-16S-01,B[a]P,conventional,5,P1E06,9,1,E06,E,6,Lot163,Lot663,Michael,whole
19842,cv-BaP-16S-01,B[a]P,conventional,10,P1G06,9,1,G06,G,6,Lot163,Lot663,Michael,whole
19843,cv-BaP-16S-01,B[a]P,conventional,0,P2A06,9,2,A06,A,6,Lot163,Lot663,Keaton,whole
19843,cv-BaP-16S-01,B[a]P,conventional,1,P2C06,9,2,C06,C,6,Lot163,Lot663,Keaton,whole
19843,cv-BaP-16S-01,B[a]P,conventional,5,P2F06,9,2,F06,F,6,Lot163,Lot663,Keaton,whole
19843,cv-BaP-16S-01,B[a]P,conventional,10,P2H06,9,2,H06,H,6,Lot163,Lot663,Keaton,whole
19737,cv-BaP-16S-02,B[a]P,conventional,0,P3B05,9,3,B05,B,5,Lot163,Lot663,Austin,whole
19737,cv-BaP-16S-02,B[a]P,conventional,0,P3B06,9,3,B06,B,6,Lot163,Lot663,Michael,partial
19737,cv-BaP-16S-02,B[a]P,conventional,1,P3D05,9,3,D05,D,5,Lot163,Lot663,Austin,whole
19737,cv-BaP-16S-02,B[a]P,conventional,1,P3D06,9,3,D06,D,6,Lot163,Lot663,Michael,whole
19737,cv-BaP-16S-02,B[a]P,conventional,5,P3F05,9,3,F05,F,5,Lot163,Lot663,Austin,whole
19737,cv-BaP-16S-02,B[a]P,conventional,10,P3H05,9,3,H05,H,5,Lot163,Lot663,Austin,partial
19738,cv-BaP-16S-02,B[a]P,conventional,0,P4B05,9,4,B05,B,5,Lot663,Lot163,Kristin,whole
19738,cv-BaP-16S-02,B[a]P,conventional,1,P4D05,9,4,D05,D,5,Lot663,Lot163,Kristin,whole
19738,cv-BaP-16S-02,B[a]P,conventional,5,P4F05,9,4,F05,F,5,Lot663,Lot163,Kristin,whole
19738,cv-BaP-16S-02,B[a]P,conventional,10,P4H05,9,4,H05,H,5,Lot663,Lot163,Kristin,whole
19902,cv-BaP-16S-03,B[a]P,conventional,0,P5B05,9,5,B05,B,5,Lot663,Lot163_1,Keaton,whole
19902,cv-BaP-16S-03,B[a]P,conventional,1,P5D05,9,5,D05,D,5,Lot663,Lot163_1,Keaton,whole
19902,cv-BaP-16S-03,B[a]P,conventional,5,P5F05,9,5,F05,F,5,Lot663,Lot163_1,Keaton,whole
19902,cv-BaP-16S-03,B[a]P,conventional,10,P5H05,9,5,H05,H,5,Lot663,Lot163_1,Keaton,whole
19903,cv-BaP-16S-03,B[a]P,conventional,0,P6B05,9,6,B05,B,5,Lot163_1,Lot163,Austin,whole
19903,cv-BaP-16S-03,B[a]P,conventional,1,P6D05,9,6,D05,D,5,Lot163_1,Lot163,Austin,whole
19903,cv-BaP-16S-03,B[a]P,conventional,5,P6F05,9,6,F05,F,5,Lot163_1,Lot163,Austin,whole
19842,cv-BaP-16S-01,B[a]P,conventional,1,P1D06,10,1,D06,D,6,Lot163,Lot663,Michael,whole
19842,cv-BaP-16S-01,B[a]P,conventional,5,P1F06,10,1,F06,F,6,Lot163,Lot663,Michael,whole
19842,cv-BaP-16S-01,B[a]P,conventional,10,P1H06,10,1,H06,H,6,Lot163,Lot663,Michael,partial
19843,cv-BaP-16S-01,B[a]P,conventional,0,P2B06,10,2,B06,B,6,Lot163,Lot663,Keaton,whole
19843,cv-BaP-16S-01,B[a]P,conventional,5,P2E06,10,2,E06,E,6,Lot163,Lot663,Keaton,whole
19843,cv-BaP-16S-01,B[a]P,conventional,10,P2G06,10,2,G06,G,6,Lot163,Lot663,Keaton,whole
19737,cv-BaP-16S-02,B[a]P,conventional,0,P3A06,10,3,A06,A,6,Lot163,Lot663,Michael,whole
19737,cv-BaP-16S-02,B[a]P,conventional,1,P3C05,10,3,C05,C,5,Lot163,Lot663,Austin,whole
19737,cv-BaP-16S-02,B[a]P,conventional,1,P3C06,10,3,C06,C,6,Lot163,Lot663,Michael,whole
19737,cv-BaP-16S-02,B[a]P,conventional,5,P3E05,10,3,E05,E,5,Lot163,Lot663,Austin,whole
19737,cv-BaP-16S-02,B[a]P,conventional,5,P3E06,10,3,E06,E,6,Lot163,Lot663,Austin,whole
19737,cv-BaP-16S-02,B[a]P,conventional,10,P3G05,10,3,G05,G,5,Lot163,Lot663,Austin,partial
19738,cv-BaP-16S-02,B[a]P,conventional,0,P4A05,10,4,A05,A,5,Lot663,Lot163,Kristin,whole
19738,cv-BaP-16S-02,B[a]P,conventional,1,P4C05,10,4,C05,C,5,Lot663,Lot163,Kristin,whole
19738,cv-BaP-16S-02,B[a]P,conventional,5,P4E05,10,4,E05,E,5,Lot663,Lot163,Kristin,whole
19738,cv-BaP-16S-02,B[a]P,conventional,10,P4G05,10,4,G05,G,5,Lot663,Lot163,Kristin,whole
19902,cv-BaP-16S-03,B[a]P,conventional,0,P5A05,10,5,A05,A,5,Lot663,Lot163_1,Keaton,whole
19902,cv-BaP-16S-03,B[a]P,conventional,1,P5C05,10,5,C05,C,5,Lot663,Lot163_1,Keaton,whole
19902,cv-BaP-16S-03,B[a]P,conventional,5,P5E05,10,5,E05,E,5,Lot663,Lot163_1,Keaton,whole
19902,cv-BaP-16S-03,B[a]P,conventional,10,P5G05,10,5,G05,G,5,Lot663,Lot163_1,Keaton,partial
19903,cv-BaP-16S-03,B[a]P,conventional,0,P6A05,10,6,A05,A,5,Lot163_1,Lot163,Austin,whole
19903,cv-BaP-16S-03,B[a]P,conventional,1,P6C05,10,6,C05,C,5,Lot163_1,Lot163,Austin,whole
19903,cv-BaP-16S-03,B[a]P,conventional,5,P6E05,10,6,E05,E,5,Lot163_1,Lot163,Austin,whole
19903,cv-BaP-16S-03,B[a]P,conventional,10,P6G05,10,6,G05,G,5,Lot163_1,Lot163,Austin,partial
19842,cv-BaP-16S-01,B[a]P,conventional,0,P1B07,11,1,B07,B,7,Lot163,Lot663,Michael,partial
19842,cv-BaP-16S-01,B[a]P,conventional,1,P1D07,11,1,D07,D,7,Lot163,Lot663,Michael,whole
19842,cv-BaP-16S-01,B[a]P,conventional,10,P1G07,11,1,G07,G,7,Lot163,Lot663,Michael,whole
19843,cv-BaP-16S-01,B[a]P,conventional,0,P2B07,11,2,B07,B,7,Lot163,Lot663,Austin,whole
19843,cv-BaP-16S-01,B[a]P,conventional,1,P2D07,11,2,D07,D,7,Lot163,Lot663,Keaton,whole
19843,cv-BaP-16S-01,B[a]P,conventional,5,P2F07,11,2,F07,F,7,Lot163,Lot663,Keaton,whole
19843,cv-BaP-16S-01,B[a]P,conventional,10,P2H07,11,2,H07,H,7,Lot163,Lot663,Austin,whole
19737,cv-BaP-16S-02,B[a]P,conventional,0,P3B07,11,3,B07,B,7,Lot163,Lot663,Michael,whole
19737,cv-BaP-16S-02,B[a]P,conventional,1,P3D07,11,3,D07,D,7,Lot163,Lot663,Michael,partial
19737,cv-BaP-16S-02,B[a]P,conventional,5,P3F06,11,3,F06,F,6,Lot163,Lot663,Austin,whole
19737,cv-BaP-16S-02,B[a]P,conventional,5,P3F07,11,3,F07,F,7,Lot163,Lot663,Michael,whole
19737,cv-BaP-16S-02,B[a]P,conventional,10,P3H06,11,3,H06,H,6,Lot163,Lot663,Austin,whole
19737,cv-BaP-16S-02,B[a]P,conventional,10,P3H07,11,3,H07,H,7,Lot163,Lot663,Michael,whole
19738,cv-BaP-16S-02,B[a]P,conventional,0,P4B06,11,4,B06,B,6,Lot663,Lot163,Keaton,whole
19738,cv-BaP-16S-02,B[a]P,conventional,1,P4D06,11,4,D06,D,6,Lot663,Lot163,Keaton,whole
19738,cv-BaP-16S-02,B[a]P,conventional,5,P4F06,11,4,F06,F,6,Lot663,Lot163,Keaton,whole
19738,cv-BaP-16S-02,B[a]P,conventional,10,P4H06,11,4,H06,H,6,Lot663,Lot163,Keaton,whole
19902,cv-BaP-16S-03,B[a]P,conventional,0,P5B06,11,5,B06,B,6,Lot663,Lot163_1,Keaton,whole
19902,cv-BaP-16S-03,B[a]P,conventional,1,P5D06,11,5,D06,D,6,Lot663,Lot163_1,Keaton,whole
19902,cv-BaP-16S-03,B[a]P,conventional,5,P5F06,11,5,F06,F,6,Lot663,Lot163_1,Keaton,whole
19902,cv-BaP-16S-03,B[a]P,conventional,10,P5H06,11,5,H06,H,6,Lot663,Lot163_1,Keaton,whole
19903,cv-BaP-16S-03,B[a]P,conventional,1,P6C06,11,6,C06,C,6,Lot163_1,Lot163,Michael,whole
19903,cv-BaP-16S-03,B[a]P,conventional,5,P6E06,11,6,E06,E,6,Lot163_1,Lot163,Michael,whole
19903,cv-BaP-16S-03,B[a]P,conventional,10,P6G06,11,6,G06,G,6,Lot163_1,Lot163,Michael,whole
19842,cv-BaP-16S-01,B[a]P,conventional,0,P1A07,12,1,A07,A,7,Lot163,Lot663,Michael,whole
19842,cv-BaP-16S-01,B[a]P,conventional,1,P1C07,12,1,C07,C,7,Lot163,Lot663,Michael,partial
19842,cv-BaP-16S-01,B[a]P,conventional,5,P1E07,12,1,E07,E,7,Lot163,Lot663,Michael,partial
19842,cv-BaP-16S-01,B[a]P,conventional,10,P1H07,12,1,H07,H,7,Lot163,Lot663,Michael,whole
19843,cv-BaP-16S-01,B[a]P,conventional,1,P2C07,12,2,C07,C,7,Lot163,Lot663,Austin,whole
19843,cv-BaP-16S-01,B[a]P,conventional,5,P2E07,12,2,E07,E,7,Lot163,Lot663,Keaton,whole
19843,cv-BaP-16S-01,B[a]P,conventional,10,P2G07,12,2,G07,G,7,Lot163,Lot663,Austin,whole
19737,cv-BaP-16S-02,B[a]P,conventional,0,P3A07,12,3,A07,A,7,Lot163,Lot663,Michael,whole
19737,cv-BaP-16S-02,B[a]P,conventional,1,P3C07,12,3,C07,C,7,Lot163,Lot663,Michael,whole
19737,cv-BaP-16S-02,B[a]P,conventional,5,P3E07,12,3,E07,E,7,Lot163,Lot663,Michael,whole
19737,cv-BaP-16S-02,B[a]P,conventional,10,P3G06,12,3,G06,G,6,Lot163,Lot663,Austin,whole
19737,cv-BaP-16S-02,B[a]P,conventional,10,P3G07,12,3,G07,G,7,Lot163,Lot663,Michael,partial
19738,cv-BaP-16S-02,B[a]P,conventional,0,P4A06,12,4,A06,A,6,Lot663,Lot163,Keaton,whole
19738,cv-BaP-16S-02,B[a]P,conventional,0,P4A07,12,4,A07,A,7,Lot663,Lot163,Keaton,whole
19738,cv-BaP-16S-02,B[a]P,conventional,1,P4C06,12,4,C06,C,6,Lot663,Lot163,Keaton,whole
19738,cv-BaP-16S-02,B[a]P,conventional,5,P4E06,12,4,E06,E,6,Lot663,Lot163,Keaton,whole
19738,cv-BaP-16S-02,B[a]P,conventional,10,P4G06,12,4,G06,G,6,Lot663,Lot163,Keaton,partial
19902,cv-BaP-16S-03,B[a]P,conventional,0,P5A06,12,5,A06,A,6,Lot663,Lot163_1,Keaton,whole
19902,cv-BaP-16S-03,B[a]P,conventional,1,P5C06,12,5,C06,C,6,Lot663,Lot163_1,Keaton,whole
19902,cv-BaP-16S-03,B[a]P,conventional,5,P5E06,12,5,E06,E,6,Lot663,Lot163_1,Keaton,whole
19902,cv-BaP-16S-03,B[a]P,conventional,10,P5G06,12,5,G06,G,6,Lot663,Lot163_1,Keaton,whole
19903,cv-BaP-16S-03,B[a]P,conventional,0,P6A06,12,6,A06,A,6,Lot163_1,Lot163,Michael,whole
19903,cv-BaP-16S-03,B[a]P,conventional,1,P6D06,12,6,D06,D,6,Lot163_1,Lot163,Michael,partial
19903,cv-BaP-16S-03,B[a]P,conventional,5,P6F06,12,6,F06,F,6,Lot163_1,Lot163,Michael,whole
19842,cv-BaP-16S-01,B[a]P,conventional,0,P1A08,13,1,A08,A,8,Lot163,Lot663,Michael,whole
19842,cv-BaP-16S-01,B[a]P,conventional,5,P1E08,13,1,E08,E,8,Lot163,Lot663,Michael,whole
19842,cv-BaP-16S-01,B[a]P,conventional,10,P1G08,13,1,G08,G,8,Lot163,Lot663,Michael,whole
19843,cv-BaP-16S-01,B[a]P,conventional,0,P2B08,13,2,B08,B,8,Lot163,Lot663,Austin,partial
19843,cv-BaP-16S-01,B[a]P,conventional,1,P2D08,13,2,D08,D,8,Lot163,Lot663,Austin,whole
19843,cv-BaP-16S-01,B[a]P,conventional,5,P2F08,13,2,F08,F,8,Lot163,Lot663,Austin,whole
19843,cv-BaP-16S-01,B[a]P,conventional,10,P2H08,13,2,H08,H,8,Lot163,Lot663,Austin,whole
19737,cv-BaP-16S-02,B[a]P,conventional,0,P3B08,13,3,B08,B,8,Lot163,Lot663,Michael,whole
19737,cv-BaP-16S-02,B[a]P,conventional,1,P3D08,13,3,D08,D,8,Lot163,Lot663,Michael,whole
19737,cv-BaP-16S-02,B[a]P,conventional,5,P3F08,13,3,F08,F,8,Lot163,Lot663,Michael,whole
19737,cv-BaP-16S-02,B[a]P,conventional,10,P3H08,13,3,H08,H,8,Lot163,Lot663,Michael,partial
19738,cv-BaP-16S-02,B[a]P,conventional,0,P4B07,13,4,B07,B,7,Lot663,Lot163,Keaton,whole
19738,cv-BaP-16S-02,B[a]P,conventional,0,P4B08,13,4,B08,B,8,Lot663,Lot163,Keaton,whole
19738,cv-BaP-16S-02,B[a]P,conventional,1,P4D07,13,4,D07,D,7,Lot663,Lot163,Keaton,whole
19738,cv-BaP-16S-02,B[a]P,conventional,1,P4D08,13,4,D08,D,8,Lot663,Lot163,Keaton,whole
19738,cv-BaP-16S-02,B[a]P,conventional,5,P4F07,13,4,F07,F,7,Lot663,Lot163,Keaton,whole
19738,cv-BaP-16S-02,B[a]P,conventional,10,P4H07,13,4,H07,H,7,Lot663,Lot163,Keaton,whole
19902,cv-BaP-16S-03,B[a]P,conventional,0,P5B07,13,5,B07,B,7,Lot663,Lot163_1,Keaton,whole
19902,cv-BaP-16S-03,B[a]P,conventional,1,P5D07,13,5,D07,D,7,Lot663,Lot163_1,Keaton,whole
19902,cv-BaP-16S-03,B[a]P,conventional,5,P5F07,13,5,F07,F,7,Lot663,Lot163_1,Keaton,whole
19902,cv-BaP-16S-03,B[a]P,conventional,10,P5H07,13,5,H07,H,7,Lot663,Lot163_1,Keaton,whole
19903,cv-BaP-16S-03,B[a]P,conventional,0,P6B07,13,6,B07,B,7,Lot163_1,Lot163,Michael,whole
19903,cv-BaP-16S-03,B[a]P,conventional,5,P6E07,13,6,E07,E,7,Lot163_1,Lot163,Michael,whole
19903,cv-BaP-16S-03,B[a]P,conventional,10,P6G07,13,6,G07,G,7,Lot163_1,Lot163,Michael,whole
19842,cv-BaP-16S-01,B[a]P,conventional,1,P1D08,14,1,D08,D,8,Lot163,Lot663,Michael,whole
19842,cv-BaP-16S-01,B[a]P,conventional,5,P1F08,14,1,F08,F,8,Lot163,Lot663,Michael,whole
19842,cv-BaP-16S-01,B[a]P,conventional,10,P1H08,14,1,H08,H,8,Lot163,Lot663,Michael,whole
19843,cv-BaP-16S-01,B[a]P,conventional,1,P2C08,14,2,C08,C,8,Lot163,Lot663,Austin,whole
19843,cv-BaP-16S-01,B[a]P,conventional,5,P2E08,14,2,E08,E,8,Lot163,Lot663,Austin,whole
19843,cv-BaP-16S-01,B[a]P,conventional,10,P2G08,14,2,G08,G,8,Lot163,Lot663,Austin,whole
19737,cv-BaP-16S-02,B[a]P,conventional,0,P3A08,14,3,A08,A,8,Lot163,Lot663,Michael,whole
19737,cv-BaP-16S-02,B[a]P,conventional,1,P3C08,14,3,C08,C,8,Lot163,Lot663,Michael,whole
19737,cv-BaP-16S-02,B[a]P,conventional,5,P3E08,14,3,E08,E,8,Lot163,Lot663,Michael,whole
19737,cv-BaP-16S-02,B[a]P,conventional,10,P3G08,14,3,G08,G,8,Lot163,Lot663,Michael,whole
19738,cv-BaP-16S-02,B[a]P,conventional,0,P4A08,14,4,A08,A,8,Lot663,Lot163,Keaton,whole
19738,cv-BaP-16S-02,B[a]P,conventional,1,P4C07,14,4,C07,C,7,Lot663,Lot163,Keaton,partial
19738,cv-BaP-16S-02,B[a]P,conventional,1,P4C08,14,4,C08,C,8,Lot663,Lot163,Keaton,whole
19738,cv-BaP-16S-02,B[a]P,conventional,5,P4E07,14,4,E07,E,7,Lot663,Lot163,Keaton,whole
19738,cv-BaP-16S-02,B[a]P,conventional,5,P4E08,14,4,E08,E,8,Lot663,Lot163,Keaton,whole
19738,cv-BaP-16S-02,B[a]P,conventional,10,P4G07,14,4,G07,G,7,Lot663,Lot163,Keaton,whole
19902,cv-BaP-16S-03,B[a]P,conventional,0,P5A07,14,5,A07,A,7,Lot663,Lot163_1,Keaton,whole
19902,cv-BaP-16S-03,B[a]P,conventional,1,P5C07,14,5,C07,C,7,Lot663,Lot163_1,Keaton,whole
19902,cv-BaP-16S-03,B[a]P,conventional,5,P5E07,14,5,E07,E,7,Lot663,Lot163_1,Keaton,whole
19902,cv-BaP-16S-03,B[a]P,conventional,10,P5G07,14,5,G07,G,7,Lot663,Lot163_1,Keaton,whole
19903,cv-BaP-16S-03,B[a]P,conventional,0,P6A07,14,6,A07,A,7,Lot163_1,Lot163,Michael,whole
19903,cv-BaP-16S-03,B[a]P,conventional,1,P6D07,14,6,D07,D,7,Lot163_1,Lot163,Michael,whole
19903,cv-BaP-16S-03,B[a]P,conventional,5,P6F07,14,6,F07,F,7,Lot163_1,Lot163,Michael,whole
19903,cv-BaP-16S-03,B[a]P,conventional,10,P6H07,14,6,H07,H,7,Lot163_1,Lot163,Michael,whole
19842,cv-BaP-16S-01,B[a]P,conventional,0,P1A09,15,1,A09,A,9,Lot163,Lot663,Michael,whole
19842,cv-BaP-16S-01,B[a]P,conventional,1,P1C09,15,1,C09,C,9,Lot163,Lot663,Michael,whole
19842,cv-BaP-16S-01,B[a]P,conventional,5,P1F09,15,1,F09,F,9,Lot163,Lot663,Michael,whole
19842,cv-BaP-16S-01,B[a]P,conventional,10,P1H09,15,1,H09,H,9,Lot163,Lot663,Michael,whole
19843,cv-BaP-16S-01,B[a]P,conventional,1,P2C09,15,2,C09,C,9,Lot163,Lot663,Austin,partial
19843,cv-BaP-16S-01,B[a]P,conventional,5,P2F09,15,2,F09,F,9,Lot163,Lot663,Austin,whole
19843,cv-BaP-16S-01,B[a]P,conventional,10,P2H09,15,2,H09,H,9,Lot163,Lot663,Austin,whole
19737,cv-BaP-16S-02,B[a]P,conventional,0,P3B09,15,3,B09,B,9,Lot163,Lot663,Michael,whole
19737,cv-BaP-16S-02,B[a]P,conventional,5,P3E09,15,3,E09,E,9,Lot163,Lot663,Michael,whole
19737,cv-BaP-16S-02,B[a]P,conventional,10,P3G09,15,3,G09,G,9,Lot163,Lot663,Michael,whole
19738,cv-BaP-16S-02,B[a]P,conventional,0,P4A09,15,4,A09,A,9,Lot663,Lot163,Keaton,partial
19738,cv-BaP-16S-02,B[a]P,conventional,1,P4D09,15,4,D09,D,9,Lot663,Lot163,Keaton,whole
19738,cv-BaP-16S-02,B[a]P,conventional,5,P4F08,15,4,F08,F,8,Lot663,Lot163,Keaton,whole
19738,cv-BaP-16S-02,B[a]P,conventional,5,P4F09,15,4,F09,F,9,Lot663,Lot163,Keaton,whole
19738,cv-BaP-16S-02,B[a]P,conventional,10,P4H08,15,4,H08,H,8,Lot663,Lot163,Keaton,whole
19738,cv-BaP-16S-02,B[a]P,conventional,10,P4H09,15,4,H09,H,9,Lot663,Lot163,Keaton,partial
19902,cv-BaP-16S-03,B[a]P,conventional,0,P5B08,15,5,B08,B,8,Lot663,Lot163_1,Keaton,whole
19902,cv-BaP-16S-03,B[a]P,conventional,0,P5B09,15,5,B09,B,9,Lot663,Lot163_1,Kristin,whole
19902,cv-BaP-16S-03,B[a]P,conventional,1,P5D08,15,5,D08,D,8,Lot663,Lot163_1,Keaton,whole
19902,cv-BaP-16S-03,B[a]P,conventional,10,P5G08,15,5,G08,G,8,Lot663,Lot163_1,Kristin,whole
19903,cv-BaP-16S-03,B[a]P,conventional,0,P6A08,15,6,A08,A,8,Lot163_1,Lot163,Michael,whole
19903,cv-BaP-16S-03,B[a]P,conventional,1,P6C08,15,6,C08,C,8,Lot163_1,Lot163,Michael,partial
19903,cv-BaP-16S-03,B[a]P,conventional,5,P6E08,15,6,E08,E,8,Lot163_1,Lot163,Michael,whole
19903,cv-BaP-16S-03,B[a]P,conventional,10,P6G08,15,6,G08,G,8,Lot163_1,Lot163,Michael,whole
19842,cv-BaP-16S-01,B[a]P,conventional,0,P1B09,16,1,B09,B,9,Lot163,Lot663,Michael,whole
19842,cv-BaP-16S-01,B[a]P,conventional,5,P1E09,16,1,E09,E,9,Lot163,Lot663,Michael,whole
19842,cv-BaP-16S-01,B[a]P,conventional,10,P1G09,16,1,G09,G,9,Lot163,Lot663,Michael,whole
19843,cv-BaP-16S-01,B[a]P,conventional,0,P2B09,16,2,B09,B,9,Lot163,Lot663,Austin,whole
19843,cv-BaP-16S-01,B[a]P,conventional,1,P2D09,16,2,D09,D,9,Lot163,Lot663,Austin,whole
19843,cv-BaP-16S-01,B[a]P,conventional,10,P2G09,16,2,G09,G,9,Lot163,Lot663,Austin,whole
19737,cv-BaP-16S-02,B[a]P,conventional,0,P3A09,16,3,A09,A,9,Lot163,Lot663,Michael,whole
19737,cv-BaP-16S-02,B[a]P,conventional,1,P3D09,16,3,D09,D,9,Lot163,Lot663,Michael,whole
19737,cv-BaP-16S-02,B[a]P,conventional,5,P3F09,16,3,F09,F,9,Lot163,Lot663,Michael,whole
19737,cv-BaP-16S-02,B[a]P,conventional,10,P3H09,16,3,H09,H,9,Lot163,Lot663,Michael,whole
19738,cv-BaP-16S-02,B[a]P,conventional,0,P4B09,16,4,B09,B,9,Lot663,Lot163,Keaton,whole
19738,cv-BaP-16S-02,B[a]P,conventional,5,P4E09,16,4,E09,E,9,Lot663,Lot163,Keaton,whole
19738,cv-BaP-16S-02,B[a]P,conventional,10,P4G08,16,4,G08,G,8,Lot663,Lot163,Keaton,partial
19738,cv-BaP-16S-02,B[a]P,conventional,10,P4G09,16,4,G09,G,9,Lot663,Lot163,Keaton,whole
19902,cv-BaP-16S-03,B[a]P,conventional,0,P5A08,16,5,A08,A,8,Lot663,Lot163_1,Keaton,whole
19902,cv-BaP-16S-03,B[a]P,conventional,0,P5A09,16,5,A09,A,9,Lot663,Lot163_1,,whole
19902,cv-BaP-16S-03,B[a]P,conventional,1,P5C08,16,5,C08,C,8,Lot663,Lot163_1,Keaton,whole
19902,cv-BaP-16S-03,B[a]P,conventional,1,P5C09,16,5,C09,C,9,Lot663,Lot163_1,Kristin,whole
19902,cv-BaP-16S-03,B[a]P,conventional,5,P5F08,16,5,F08,F,8,Lot663,Lot163_1,Kristin,whole
19902,cv-BaP-16S-03,B[a]P,conventional,10,P5H08,16,5,H08,H,8,Lot663,Lot163_1,Kristin,whole
19903,cv-BaP-16S-03,B[a]P,conventional,0,P6B08,16,6,B08,B,8,Lot163_1,Lot163,Michael,whole
19903,cv-BaP-16S-03,B[a]P,conventional,1,P6D08,16,6,D08,D,8,Lot163_1,Lot163,Michael,partial
19903,cv-BaP-16S-03,B[a]P,conventional,5,P6F08,16,6,F08,F,8,Lot163_1,Lot163,Michael,partial
19903,cv-BaP-16S-03,B[a]P,conventional,10,P6H08,16,6,H08,H,8,Lot163_1,Lot163,Michael,whole
19842,cv-BaP-16S-01,B[a]P,conventional,1,P1C10,17,1,C10,C,10,Lot163,Lot663,Michael,whole
19842,cv-BaP-16S-01,B[a]P,conventional,5,P1E10,17,1,E10,E,10,Lot163,Lot663,Michael,whole
19842,cv-BaP-16S-01,B[a]P,conventional,10,P1H10,17,1,H10,H,10,Lot163,Lot663,Michael,partial
19843,cv-BaP-16S-01,B[a]P,conventional,0,P2B10,17,2,B10,B,10,Lot163,Lot663,Austin,whole
19843,cv-BaP-16S-01,B[a]P,conventional,1,P2D10,17,2,D10,D,10,Lot663,Lot663,Austin,whole
19843,cv-BaP-16S-01,B[a]P,conventional,5,P2F10,17,2,F10,F,10,Lot663,Lot663,Austin,whole
19843,cv-BaP-16S-01,B[a]P,conventional,10,P2H10,17,2,H10,H,10,Lot663,Lot663,Austin,whole
19737,cv-BaP-16S-02,B[a]P,conventional,0,P3B10,17,3,B10,B,10,Lot163,Lot663,Michael,whole
19737,cv-BaP-16S-02,B[a]P,conventional,1,P3D10,17,3,D10,D,10,Lot163,Lot663,Michael,whole
19737,cv-BaP-16S-02,B[a]P,conventional,5,P3F10,17,3,F10,F,10,Lot163,Lot663,Michael,whole
19737,cv-BaP-16S-02,B[a]P,conventional,10,P3H10,17,3,H10,H,10,Lot163,Lot663,Michael,whole
19738,cv-BaP-16S-02,B[a]P,conventional,0,P4B10,17,4,B10,B,10,Lot663,Lot163,Keaton,whole
19738,cv-BaP-16S-02,B[a]P,conventional,1,P4D10,17,4,D10,D,10,Lot663,Lot163,Keaton,partial
19738,cv-BaP-16S-02,B[a]P,conventional,5,P4F10,17,4,F10,F,10,Lot663,Lot163,Keaton,whole
19738,cv-BaP-16S-02,B[a]P,conventional,10,P4H10,17,4,H10,H,10,Lot663,Lot163,Keaton,whole
19902,cv-BaP-16S-03,B[a]P,conventional,0,P5B10,17,5,B10,B,10,Lot663,Lot163_1,Kristin,whole
19902,cv-BaP-16S-03,B[a]P,conventional,1,P5D09,17,5,D09,D,9,Lot663,Lot163_1,Kristin,whole
19902,cv-BaP-16S-03,B[a]P,conventional,1,P5D10,17,5,D10,D,10,Lot663,Lot163_1,Kristin,partial
19902,cv-BaP-16S-03,B[a]P,conventional,5,P5F09,17,5,F09,F,9,Lot663,Lot163_1,Kristin,whole
19902,cv-BaP-16S-03,B[a]P,conventional,10,P5H09,17,5,H09,H,9,Lot663,Lot163_1,Kristin,whole
19903,cv-BaP-16S-03,B[a]P,conventional,0,P6B09,17,6,B09,B,9,Lot163_1,Lot163,Michael,whole
19903,cv-BaP-16S-03,B[a]P,conventional,1,P6D09,17,6,D09,D,9,Lot163_1,Lot163,Michael,partial
19903,cv-BaP-16S-03,B[a]P,conventional,5,P6F09,17,6,F09,F,9,Lot163_1,Lot163,Michael,whole
19903,cv-BaP-16S-03,B[a]P,conventional,10,P6H09,17,6,H09,H,9,Lot163_1,Lot163,Michael,whole
19842,cv-BaP-16S-01,B[a]P,conventional,0,P1A10,18,1,A10,A,10,Lot163,Lot663,Michael,whole
19842,cv-BaP-16S-01,B[a]P,conventional,1,P1D10,18,1,D10,D,10,Lot163,Lot663,Michael,whole
19842,cv-BaP-16S-01,B[a]P,conventional,10,P1G10,18,1,G10,G,10,Lot163,Lot663,Michael,whole
19843,cv-BaP-16S-01,B[a]P,conventional,0,P2A10,18,2,A10,A,10,Lot163,Lot663,Austin,partial
19843,cv-BaP-16S-01,B[a]P,conventional,1,P2C10,18,2,C10,C,10,Lot163,Lot663,Austin,whole
19843,cv-BaP-16S-01,B[a]P,conventional,5,P2E10,18,2,E10,E,10,Lot663,Lot663,Austin,whole
19843,cv-BaP-16S-01,B[a]P,conventional,10,P2G10,18,2,G10,G,10,Lot663,Lot663,Austin,whole
19737,cv-BaP-16S-02,B[a]P,conventional,0,P3A10,18,3,A10,A,10,Lot163,Lot663,Michael,whole
19737,cv-BaP-16S-02,B[a]P,conventional,1,P3C10,18,3,C10,C,10,Lot163,Lot663,Michael,whole
19737,cv-BaP-16S-02,B[a]P,conventional,5,P3E10,18,3,E10,E,10,Lot163,Lot663,Michael,whole
19737,cv-BaP-16S-02,B[a]P,conventional,10,P3G10,18,3,G10,G,10,Lot163,Lot663,Michael,whole
19738,cv-BaP-16S-02,B[a]P,conventional,0,P4A10,18,4,A10,A,10,Lot663,Lot163,Keaton,whole
19738,cv-BaP-16S-02,B[a]P,conventional,1,P4C10,18,4,C10,C,10,Lot663,Lot163,Keaton,whole
19738,cv-BaP-16S-02,B[a]P,conventional,5,P4E10,18,4,E10,E,10,Lot663,Lot163,Keaton,whole
19738,cv-BaP-16S-02,B[a]P,conventional,10,P4G10,18,4,G10,G,10,Lot663,Lot163,Keaton,whole
19902,cv-BaP-16S-03,B[a]P,conventional,0,P5A10,18,5,A10,A,10,Lot663,Lot163_1,,whole
19902,cv-BaP-16S-03,B[a]P,conventional,1,P5C10,18,5,C10,C,10,Lot663,Lot163_1,Kristin,whole
19902,cv-BaP-16S-03,B[a]P,conventional,5,P5E09,18,5,E09,E,9,Lot663,Lot163_1,Kristin,whole
19902,cv-BaP-16S-03,B[a]P,conventional,5,P5F10,18,5,F10,F,10,Lot663,Lot163_1,Kristin,whole
19902,cv-BaP-16S-03,B[a]P,conventional,10,P5G09,18,5,G09,G,9,Lot663,Lot163_1,Kristin,whole
19903,cv-BaP-16S-03,B[a]P,conventional,0,P6A09,18,6,A09,A,9,Lot163_1,Lot163,Michael,whole
19903,cv-BaP-16S-03,B[a]P,conventional,1,P6C09,18,6,C09,C,9,Lot163_1,Lot163,Michael,whole
19903,cv-BaP-16S-03,B[a]P,conventional,5,P6E09,18,6,E09,E,9,Lot163_1,Lot163,Michael,whole
19903,cv-BaP-16S-03,B[a]P,conventional,10,P6G09,18,6,G09,G,9,Lot163_1,Lot163,Michael,whole
19842,cv-BaP-16S-01,B[a]P,conventional,0,P1B11,19,1,B11,B,11,Lot163,Lot663,Michael,partial
19842,cv-BaP-16S-01,B[a]P,conventional,1,P1D11,19,1,D11,D,11,Lot163,Lot663,Michael,whole
19842,cv-BaP-16S-01,B[a]P,conventional,5,P1F11,19,1,F11,F,11,Lot163,Lot663,Michael,whole
19842,cv-BaP-16S-01,B[a]P,conventional,10,P1H11,19,1,H11,H,11,Lot163,Lot663,Michael,whole
19843,cv-BaP-16S-01,B[a]P,conventional,1,P2C11,19,2,C11,C,11,Lot663,Lot663,Austin,whole
19843,cv-BaP-16S-01,B[a]P,conventional,5,P2E11,19,2,E11,E,11,Lot663,Lot663,Austin,whole
19843,cv-BaP-16S-01,B[a]P,conventional,10,P2G11,19,2,G11,G,11,Lot663,Lot663,Austin,whole
19737,cv-BaP-16S-02,B[a]P,conventional,0,P3A11,19,3,A11,A,11,Lot163,Lot663,Michael,whole
19737,cv-BaP-16S-02,B[a]P,conventional,1,P3C11,19,3,C11,C,11,Lot163,Lot663,Michael,whole
19737,cv-BaP-16S-02,B[a]P,conventional,5,P3E11,19,3,E11,E,11,Lot163,Lot663,Michael,partial
19737,cv-BaP-16S-02,B[a]P,conventional,10,P3G11,19,3,G11,G,11,Lot163,Lot663,Michael,whole
19738,cv-BaP-16S-02,B[a]P,conventional,0,P4A11,19,4,A11,A,11,Lot663,Lot163,Keaton,partial
19738,cv-BaP-16S-02,B[a]P,conventional,1,P4C11,19,4,C11,C,11,Lot663,Lot163,Keaton,whole
19738,cv-BaP-16S-02,B[a]P,conventional,5,P4E11,19,4,E11,E,11,Lot663,Lot163,Keaton,whole
19738,cv-BaP-16S-02,B[a]P,conventional,10,P4G11,19,4,G11,G,11,Lot663,Lot163,Keaton,whole
19902,cv-BaP-16S-03,B[a]P,conventional,0,P5A11,19,5,A11,A,11,Lot663,Lot163_1,,whole
19902,cv-BaP-16S-03,B[a]P,conventional,1,P5C11,19,5,C11,C,11,Lot663,Lot163_1,Kristin,whole
19902,cv-BaP-16S-03,B[a]P,conventional,5,P5E11,19,5,E11,E,11,Lot663,Lot163_1,Kristin,whole
19902,cv-BaP-16S-03,B[a]P,conventional,10,P5G10,19,5,G10,G,10,Lot663,Lot163_1,Kristin,whole
19902,cv-BaP-16S-03,B[a]P,conventional,10,P5G11,19,5,G11,G,11,Lot663,Lot163_1,Kristin,whole
19903,cv-BaP-16S-03,B[a]P,conventional,0,P6B10,19,6,B10,B,10,Lot163_1,Lot163,Michael,whole
19903,cv-BaP-16S-03,B[a]P,conventional,1,P6D10,19,6,D10,D,10,Lot163_1,Lot163,Michael,whole
19903,cv-BaP-16S-03,B[a]P,conventional,5,P6F10,19,6,F10,F,10,Lot163_1,Lot163,Michael,whole
19903,cv-BaP-16S-03,B[a]P,conventional,10,P6H10,19,6,H10,H,10,Lot163_1,Lot163,Michael,whole
19842,cv-BaP-16S-01,B[a]P,conventional,0,P1A11,20,1,A11,A,11,Lot163,Lot663,Michael,whole
19842,cv-BaP-16S-01,B[a]P,conventional,1,P1C11,20,1,C11,C,11,Lot163,Lot663,Michael,whole
19842,cv-BaP-16S-01,B[a]P,conventional,5,P1E11,20,1,E11,E,11,Lot163,Lot663,Michael,whole
19842,cv-BaP-16S-01,B[a]P,conventional,10,P1G11,20,1,G11,G,11,Lot163,Lot663,Michael,whole
19843,cv-BaP-16S-01,B[a]P,conventional,0,P2B11,20,2,B11,B,11,Lot663,Lot663,Austin,whole
19843,cv-BaP-16S-01,B[a]P,conventional,1,P2D11,20,2,D11,D,11,Lot663,Lot663,Austin,whole
19843,cv-BaP-16S-01,B[a]P,conventional,5,P2F11,20,2,F11,F,11,Lot663,Lot663,Austin,whole
19843,cv-BaP-16S-01,B[a]P,conventional,10,P2H11,20,2,H11,H,11,Lot663,Lot663,Austin,whole
19737,cv-BaP-16S-02,B[a]P,conventional,0,P3B11,20,3,B11,B,11,Lot163,Lot663,Michael,whole
19737,cv-BaP-16S-02,B[a]P,conventional,1,P3D11,20,3,D11,D,11,Lot163,Lot663,Michael,partial
19737,cv-BaP-16S-02,B[a]P,conventional,5,P3F11,20,3,F11,F,11,Lot163,Lot663,Michael,whole
19737,cv-BaP-16S-02,B[a]P,conventional,10,P3H11,20,3,H11,H,11,Lot163,Lot663,Michael,whole
19738,cv-BaP-16S-02,B[a]P,conventional,0,P4B11,20,4,B11,B,11,Lot663,Lot163,Keaton,whole
19738,cv-BaP-16S-02,B[a]P,conventional,1,P4D11,20,4,D11,D,11,Lot663,Lot163,Keaton,whole
19738,cv-BaP-16S-02,B[a]P,conventional,5,P4F11,20,4,F11,F,11,Lot663,Lot163,Keaton,whole
19738,cv-BaP-16S-02,B[a]P,conventional,10,P4H11,20,4,H11,H,11,Lot663,Lot163,Keaton,partial
19902,cv-BaP-16S-03,B[a]P,conventional,0,P5B11,20,5,B11,B,11,Lot663,Lot163_1,Kristin,whole
19902,cv-BaP-16S-03,B[a]P,conventional,1,P5D11,20,5,D11,D,11,Lot663,Lot163_1,Kristin,whole
19902,cv-BaP-16S-03,B[a]P,conventional,5,P5F11,20,5,F11,F,11,Lot663,Lot163_1,Kristin,whole
19902,cv-BaP-16S-03,B[a]P,conventional,10,P5H10,20,5,H10,H,10,Lot663,Lot163_1,Kristin,partial
19902,cv-BaP-16S-03,B[a]P,conventional,10,P5H11,20,5,H11,H,11,Lot663,Lot163_1,Kristin,partial
19903,cv-BaP-16S-03,B[a]P,conventional,1,P6C10,20,6,C10,C,10,Lot163_1,Lot163,Michael,whole
19903,cv-BaP-16S-03,B[a]P,conventional,5,P6E10,20,6,E10,E,10,Lot163_1,Lot163,Michael,whole
19903,cv-BaP-16S-03,B[a]P,conventional,10,P6G10,20,6,G10,G,10,Lot163_1,Lot163,Michael,partial
NA,cv-BaP-16S-03,NA,NA,NA,Lot163,21,NA,NA,NA,NA,Lot163,Lot163,NA,kit_control
19842,cv-BaP-16S-01,B[a]P,conventional,0,P1A12,21,1,A12,A,12,Lot163,Lot663,Michael,whole
19842,cv-BaP-16S-01,B[a]P,conventional,1,P1C12,21,1,C12,C,12,Lot163,Lot663,Michael,whole
19842,cv-BaP-16S-01,B[a]P,conventional,5,P1E12,21,1,E12,E,12,Lot163,Lot663,Michael,partial
19842,cv-BaP-16S-01,B[a]P,conventional,10,P1G12,21,1,G12,G,12,Lot163,Lot663,Michael,whole
19843,cv-BaP-16S-01,B[a]P,conventional,0,P2A12,21,2,A12,A,12,Lot663,Lot663,Austin,whole
19843,cv-BaP-16S-01,B[a]P,conventional,10,P2G12,21,2,G12,G,12,Lot663,Lot663,Austin,whole
19737,cv-BaP-16S-02,B[a]P,conventional,0,P3A12,21,3,A12,A,12,Lot163,Lot663,Michael,whole
19737,cv-BaP-16S-02,B[a]P,conventional,1,P3C12,21,3,C12,C,12,Lot163,Lot663,Michael,whole
19737,cv-BaP-16S-02,B[a]P,conventional,10,P3G12,21,3,G12,G,12,Lot163,Lot163,Michael,whole
19738,cv-BaP-16S-02,B[a]P,conventional,0,P4A12,21,4,A12,A,12,Lot663,Lot163,Keaton,whole
19738,cv-BaP-16S-02,B[a]P,conventional,1,P4C12,21,4,C12,C,12,Lot663,Lot163,Keaton,whole
19738,cv-BaP-16S-02,B[a]P,conventional,5,P4E12,21,4,E12,E,12,Lot663,Lot163,Keaton,whole
19902,cv-BaP-16S-03,B[a]P,conventional,0,P5A12,21,5,A12,A,12,Lot663,Lot163_1,,partial
19902,cv-BaP-16S-03,B[a]P,conventional,1,P5C12,21,5,C12,C,12,Lot663,Lot163_1,Kristin,whole
19902,cv-BaP-16S-03,B[a]P,conventional,5,P5E12,21,5,E12,E,12,Lot663,Lot163_1,Kristin,whole
19902,cv-BaP-16S-03,B[a]P,conventional,10,P5G12,21,5,G12,G,12,Lot663,Lot163_1,Kristin,whole
19903,cv-BaP-16S-03,B[a]P,conventional,0,P6A11,21,6,A11,A,11,Lot163_1,Lot163,Michael,whole
19903,cv-BaP-16S-03,B[a]P,conventional,0,P6A12,21,6,A12,A,12,Lot163_1,Lot163,Michael,whole
19903,cv-BaP-16S-03,B[a]P,conventional,1,P6C11,21,6,C11,C,11,Lot163_1,Lot163,Michael,partial
19903,cv-BaP-16S-03,B[a]P,conventional,1,P6C12,21,6,C12,C,12,Lot163_1,Lot163,Michael,whole
19903,cv-BaP-16S-03,B[a]P,conventional,5,P6E11,21,6,E11,E,11,Lot163_1,Lot163,Michael,whole
19903,cv-BaP-16S-03,B[a]P,conventional,5,P6E12,21,6,E12,E,12,Lot163_1,Lot163,Michael,whole
19903,cv-BaP-16S-03,B[a]P,conventional,10,P6G11,21,6,G11,G,11,Lot163_1,Lot163,Michael,partial
NA,cv-BaP-16S-03,NA,NA,NA,Lot663,22,NA,NA,NA,NA,Lot663,Lot663,NA,kit_control
19842,cv-BaP-16S-01,B[a]P,conventional,1,P1D12,22,1,D12,D,12,Lot163,Lot663,Michael,whole
19842,cv-BaP-16S-01,B[a]P,conventional,5,P1F12,22,1,F12,F,12,Lot163,Lot663,Michael,whole
19842,cv-BaP-16S-01,B[a]P,conventional,10,P1H12,22,1,H12,H,12,Lot163,Lot663,Michael,whole
19843,cv-BaP-16S-01,B[a]P,conventional,0,P2B12,22,2,B12,B,12,Lot663,Lot663,Austin,whole
19843,cv-BaP-16S-01,B[a]P,conventional,5,P2F12,22,2,F12,F,12,Lot663,Lot663,Austin,partial
19843,cv-BaP-16S-01,B[a]P,conventional,10,P2H12,22,2,H12,H,12,Lot663,Lot663,Austin,whole
19737,cv-BaP-16S-02,B[a]P,conventional,0,P3B12,22,3,B12,B,12,Lot163,Lot663,Michael,whole
19737,cv-BaP-16S-02,B[a]P,conventional,1,P3D12,22,3,D12,D,12,Lot163,Lot663,Michael,whole
19737,cv-BaP-16S-02,B[a]P,conventional,5,P3F12,22,3,F12,F,12,Lot163,Lot163,Michael,whole
19737,cv-BaP-16S-02,B[a]P,conventional,10,P3H12,22,3,H12,H,12,Lot163,Lot163,Michael,whole
19738,cv-BaP-16S-02,B[a]P,conventional,0,P4B12,22,4,B12,B,12,Lot663,Lot163,Keaton,partial
19738,cv-BaP-16S-02,B[a]P,conventional,1,P4D12,22,4,D12,D,12,Lot663,Lot163,Keaton,whole
19738,cv-BaP-16S-02,B[a]P,conventional,5,P4F12,22,4,F12,F,12,Lot663,Lot163,Keaton,whole
19738,cv-BaP-16S-02,B[a]P,conventional,10,P4H12,22,4,H12,H,12,Lot663,Lot163,Keaton,whole
19902,cv-BaP-16S-03,B[a]P,conventional,1,P5D12,22,5,D12,D,12,Lot663,Lot163_1,Kristin,whole
19902,cv-BaP-16S-03,B[a]P,conventional,5,P5F12,22,5,F12,F,12,Lot663,Lot163_1,Kristin,whole
19902,cv-BaP-16S-03,B[a]P,conventional,10,P5H12,22,5,H12,H,12,Lot663,Lot163_1,Kristin,whole
19903,cv-BaP-16S-03,B[a]P,conventional,0,P6B11,22,6,B11,B,11,Lot163_1,Lot163,Michael,whole
19903,cv-BaP-16S-03,B[a]P,conventional,0,P6B12,22,6,B12,B,12,Lot163_1,Lot163,Michael,whole
19903,cv-BaP-16S-03,B[a]P,conventional,1,P6D11,22,6,D11,D,11,Lot163_1,Lot163,Michael,whole
19903,cv-BaP-16S-03,B[a]P,conventional,5,P6F11,22,6,F11,F,11,Lot163_1,Lot163,Michael,partial
19903,cv-BaP-16S-03,B[a]P,conventional,5,P6F12,22,6,F12,F,12,Lot163_1,Lot163,Michael,whole
19903,cv-BaP-16S-03,B[a]P,conventional,10,P6H11,22,6,H11,H,11,Lot163_1,Lot163,Michael,whole
NA,cv-BaP-16S-03,NA,NA,NA,Lot163_1,23,NA,NA,NA,NA,Lot163_1,Lot163_1,NA,kit_control
19842,cv-BaP-16S-01,B[a]P,conventional,0,P1B12,23,1,B12,B,12,Lot163,Lot663,Michael,whole
19843,cv-BaP-16S-01,B[a]P,conventional,1,P2C12,23,2,C12,C,12,Lot663,Lot663,Austin,whole
19737,cv-BaP-16S-02,B[a]P,conventional,5,P3E12,23,3,E12,E,12,Lot163,Lot663,Michael,whole
19738,cv-BaP-16S-02,B[a]P,conventional,10,P4G12,23,4,G12,G,12,Lot663,Lot163,Keaton,whole
19902,cv-BaP-16S-03,B[a]P,conventional,0,P5B12,23,5,B12,B,12,Lot663,Lot163_1,Kristin,whole
19903,cv-BaP-16S-03,B[a]P,conventional,1,P6D12,23,6,D12,D,12,Lot163_1,Lot163,Michael,whole
19903,cv-BaP-16S-03,B[a]P,conventional,10,P6G12,23,6,G12,G,12,Lot163_1,Lot163,Michael,whole
19842,cv-BaP-16S-01,B[a]P,conventional,0,P1A03,NA,1,A03,A,3,NA,NA,Kristin,no gut
19842,cv-BaP-16S-01,B[a]P,conventional,0,P1A06,NA,1,A06,A,6,NA,NA,Michael,no gut
19842,cv-BaP-16S-01,B[a]P,conventional,0,P1B02,NA,1,B02,B,2,NA,NA,Kristin,no gut
19842,cv-BaP-16S-01,B[a]P,conventional,0,P1B06,NA,1,B06,B,6,NA,NA,NA,no gut
19842,cv-BaP-16S-01,B[a]P,conventional,0,P1B08,NA,1,B08,B,8,NA,NA,NA,no gut
19842,cv-BaP-16S-01,B[a]P,conventional,0,P1B10,NA,1,B10,B,10,NA,NA,NA,no gut
19842,cv-BaP-16S-01,B[a]P,conventional,1,P1C01,NA,1,C01,C,1,NA,NA,NA,no gut
19842,cv-BaP-16S-01,B[a]P,conventional,1,P1C08,NA,1,C08,C,8,NA,NA,NA,no gut
19842,cv-BaP-16S-01,B[a]P,conventional,1,P1D02,NA,1,D02,D,2,NA,NA,NA,no gut
19842,cv-BaP-16S-01,B[a]P,conventional,1,P1D09,NA,1,D09,D,9,NA,NA,NA,no gut
19842,cv-BaP-16S-01,B[a]P,conventional,5,P1F02,NA,1,F02,F,2,NA,NA,NA,no gut
19842,cv-BaP-16S-01,B[a]P,conventional,5,P1F03,NA,1,F03,F,3,NA,NA,NA,no gut
19842,cv-BaP-16S-01,B[a]P,conventional,5,P1F07,NA,1,F07,F,7,NA,NA,NA,no gut
19842,cv-BaP-16S-01,B[a]P,conventional,5,P1F10,NA,1,F10,F,10,NA,NA,NA,no gut
19843,cv-BaP-16S-01,B[a]P,conventional,0,P2A03,NA,2,A03,A,3,NA,NA,NA,no gut
19843,cv-BaP-16S-01,B[a]P,conventional,0,P2A07,NA,2,A07,A,7,NA,NA,NA,no gut
19843,cv-BaP-16S-01,B[a]P,conventional,0,P2A08,NA,2,A08,A,8,NA,NA,NA,no gut
19843,cv-BaP-16S-01,B[a]P,conventional,0,P2A09,NA,2,A09,A,9,NA,NA,NA,no gut
19843,cv-BaP-16S-01,B[a]P,conventional,0,P2A11,NA,2,A11,A,11,NA,NA,NA,no gut
19843,cv-BaP-16S-01,B[a]P,conventional,0,P2B01,NA,2,B01,B,1,NA,NA,NA,no gut
19843,cv-BaP-16S-01,B[a]P,conventional,0,P2B04,NA,2,B04,B,4,NA,NA,NA,no gut
19843,cv-BaP-16S-01,B[a]P,conventional,0,P2B05,NA,2,B05,B,5,NA,NA,NA,no gut
19843,cv-BaP-16S-01,B[a]P,conventional,1,P2D06,NA,2,D06,D,6,NA,NA,NA,no gut
19843,cv-BaP-16S-01,B[a]P,conventional,1,P2D12,NA,2,D12,D,12,NA,NA,NA,no gut
19843,cv-BaP-16S-01,B[a]P,conventional,5,P2E09,NA,2,E09,E,9,NA,NA,NA,no gut
19843,cv-BaP-16S-01,B[a]P,conventional,5,P2E12,NA,2,E12,E,12,NA,NA,NA,no gut
19843,cv-BaP-16S-01,B[a]P,conventional,5,P2F05,NA,2,F05,F,5,NA,NA,NA,no gut
19737,cv-BaP-16S-02,B[a]P,conventional,1,P3C02,NA,3,C02,C,2,NA,NA,NA,no gut
19737,cv-BaP-16S-02,B[a]P,conventional,1,P3C09,NA,3,C09,C,9,NA,NA,NA,no gut
19737,cv-BaP-16S-02,B[a]P,conventional,1,P3D04,NA,3,D04,D,4,NA,NA,NA,no gut
19738,cv-BaP-16S-02,B[a]P,conventional,1,P4C09,NA,4,C09,C,9,NA,NA,NA,no gut
19902,cv-BaP-16S-03,B[a]P,conventional,0,P5A02,NA,5,A02,A,2,NA,NA,NA,no gut
19902,cv-BaP-16S-03,B[a]P,conventional,1,P5D01,NA,5,D01,D,1,NA,NA,NA,no gut
19902,cv-BaP-16S-03,B[a]P,conventional,5,P5E08,NA,5,E08,E,8,NA,NA,NA,no gut
19902,cv-BaP-16S-03,B[a]P,conventional,5,P5E10,NA,5,E10,E,10,NA,NA,NA,no gut
19902,cv-BaP-16S-03,B[a]P,conventional,5,P5F04,NA,5,F04,F,4,NA,NA,NA,no gut
19903,cv-BaP-16S-03,B[a]P,conventional,0,P6A10,NA,6,A10,A,10,NA,NA,NA,no gut
19903,cv-BaP-16S-03,B[a]P,conventional,0,P6B06,NA,6,B06,B,6,NA,NA,NA,no gut
19903,cv-BaP-16S-03,B[a]P,conventional,1,P6C04,NA,6,C04,C,4,NA,NA,NA,no gut
19903,cv-BaP-16S-03,B[a]P,conventional,1,P6C07,NA,6,C07,C,7,NA,NA,NA,no gut
19903,cv-BaP-16S-03,B[a]P,conventional,10,P6H05,NA,6,H05,H,5,NA,NA,NA,no gut
19903,cv-BaP-16S-03,B[a]P,conventional,10,P6H06,NA,6,H06,H,6,NA,NA,NA,no gut
19903,cv-BaP-16S-03,B[a]P,conventional,10,P6H12,na,6,H12,H,12,NA,NA,NA,no gut